Title,Rating,Votes,Duration,Genre
Mufasa: The Lion King,6.6,63000,118,Adventure
Twisters,6.5,168000,122,Adventure
Gladiator II,6.5,229000,148,Adventure
Moana 2,6.6,102000,100,Adventure
Flow,7.9,74000,85,Adventure
Sonic the Hedgehog 3,6.9,59000,110,Adventure
Kraven the Hunter,5.5,55000,127,Adventure
Deadpool & Wolverine,7.6,492000,128,Adventure
Paddington in Peru,6.7,21000,106,Adventure
Dune: Part Two,8.5,625000,166,Adventure
Venom: The Last Dance,6.0,117000,110,Adventure
The Count of Monte-Cristo,7.6,34000,178,Adventure
Freaky Tales,7.2,1200,107,Adventure
Furiosa: A Mad Max Saga,7.5,285000,148,Adventure
Transformers One,7.6,51000,104,Adventure
Borderlands,4.7,48000,101,Adventure
The Return,6.2,8500,116,Adventure
Despicable Me 4,6.2,65000,94,Adventure
The Day the Earth Blew Up: A Looney Tunes Movie,7.0,4200,91,Adventure
Madame Web,4.0,101000,116,Adventure
Inside Out 2,7.5,216000,96,Adventure
The Lord of the Rings: The War of the Rohirrim,6.3,30000,134,Adventure
Bad Boys: Ride or Die,6.5,100000,115,Adventure
Red One,6.3,140000,123,Adventure
Solo Leveling: ReAwakening,8.7,12000,121,Adventure
Love Lies Bleeding,6.6,57000,104,Adventure
Damsel,6.1,110000,110,Adventure
Godzilla x Kong: The New Empire,6.0,122000,115,Adventure
Ghostbusters: Frozen Empire,6.1,93000,115,Adventure
Kingdom of the Planet of the Apes,6.9,151000,145,Adventure
Spaceman,5.7,43000,107,Adventure
Kung Fu Panda 4,6.3,68000,94,Adventure
Survive,4.5,2500,90,Adventure
Uglies,4.7,33000,100,Adventure
The Garfield Movie,5.7,24000,101,Adventure
My Penguin Friend,6.7,5200,97,Adventure
Harold and the Purple Crayon,5.7,8400,90,Adventure
Attack on Titan the Movie: The Last Attack,9.2,16000,145,Adventure
Atlas,5.6,56000,118,Adventure
Descendants: The Rise of Red,4.7,7000,91,Adventure
Monster Summer,5.7,3700,97,Adventure
Wallace & Gromit: Vengeance Most Fowl,7.5,34000,82,Adventure
Kalki 2898 AD,7.0,67000,180,Adventure
Spellbound,5.5,7400,109,Adventure
Arthur the King,7.0,34000,107,Adventure
Night of the Zoopocalypse,6.0,658,91,Adventure
Rebel Moon - Part Two: The Scargiver,5.3,59000,122,Adventure
Hitpig,5.1,941,86,Adventure
Thelma the Unicorn,5.7,2900,93,Adventure
Family Pack,5.5,9100,94,Adventure
The Best Christmas Pageant Ever,6.8,6100,99,Adventure
No Way Up,4.6,11000,90,Adventure
Buffalo Kids,6.6,693,93,Adventure
Megamind vs. The Doom Syndicate,2.5,5600,83,Adventure
The Unholy Trinity,7.9,53,93,Adventure
Orion and the Dark,6.3,17000,93,Adventure
Bookworm,6.0,1900,103,Adventure
Lost on a Mountain in Maine,6.1,1200,98,Adventure
The Goat Life,7.1,47000,173,Adventure
Winner,6.5,2500,103,Adventure
The Courier,6.0,4400,101,Adventure
Sasquatch Sunset,5.4,5400,88,Adventure
Hanu Man,7.7,29000,158,Adventure
Justice League: Crisis on Infinite Earths - Part One,6.2,8500,93,Adventure
River of Blood,5.2,1800,86,Adventure
"I, the Executioner",6.3,1700,118,Adventure
Justice League: Crisis on Infinite Earths - Part Three,6.1,4500,94,Adventure
Badland Hunters,5.9,12000,107,Adventure
The Last of Us: Immunity,5.3,19,64,Adventure
My Hero Academia: You're Next,7.0,2200,110,Adventure
That Christmas,6.8,17000,91,Adventure
Raqa,5.6,217,107,Adventure
Ultraman: Rising,6.9,6400,117,Adventure
Demon Slayer: Kimetsu No Yaiba - To the Hashira Training,7.1,8500,104,Adventure
The Price of Money: A Largo Winch Adventure,5.0,1200,100,Adventure
Manjummel Boys,8.2,27000,135,Adventure
Something in the Water,4.1,4700,86,Adventure
Woody Woodpecker Goes to Camp,4.5,2600,100,Adventure
No Chains No Masters,6.4,550,98,Adventure
The Wages of Fear,4.6,4100,104,Adventure
Saving Bikini Bottom: The Sandy Cheeks Movie,3.7,3900,82,Adventure
The Empire,5.2,1200,110,Adventure
Anaconda,4.9,636,84,Adventure
Doraemon the Movie: Nobita's Earth Symphony,6.6,1500,115,Adventure
Cult Killer,4.8,2800,105,Adventure
Chuck Billy and the Marvelous Guava Tree,7.4,1000,90,Adventure
Dragonkeeper,5.7,1700,98,Adventure
Justice League: Crisis on Infinite Earths - Part Two,5.5,5300,94,Adventure
Eat the Night,6.1,485,106,Adventure
200% Wolf,5.9,1300,98,Adventure
Angels Fallen: Warriors of Peace,4.9,5800,103,Adventure
Sixty Minutes,5.7,5200,88,Adventure
Saint-Exupéry,5.4,326,98,Adventure
The Twisters,2.5,341,86,Adventure
Escape,6.4,2000,94,Adventure
The Tiger's Apprentice,5.7,2200,84,Adventure
Golden Kamuy,6.3,2600,127,Adventure
Overlord: The Sacred Kingdom,6.9,990,135,Adventure
Bambi: A Tale of Life in the Woods,5.7,173,78,Adventure
Operation Blood Hunt,3.5,489,93,Adventure
Panda Bear in Africa,5.5,347,84,Adventure
Autumn and the Black Jaguar,5.6,1000,100,Adventure
Bade Miyan Chote Miyan,3.7,39000,163,Adventure
Gaami,6.4,2000,147,Adventure
Crayon Shin-chan: Ora's Dinosaur Diary,6.4,356,106,Adventure
Kanguva,4.5,15000,152,Adventure
Unspeakable: Beyond the Wall of Sleep,6.1,55,90,Adventure
A.R.M,7.1,8700,150,Adventure
A Sloth Story,5.6,206,90,Adventure
Mountain Boy,8.4,23,93,Adventure
Rebellious,6.0,195,94,Adventure
Devil's Knight,5.2,896,90,Adventure
A Legend,4.7,912,129,Adventure
The Last Redemption,6.6,3700,122,Adventure
The Firing Squad,5.1,5000,93,Adventure
Man and Witch: The Dance of a Thousand Steps,5.5,332,94,Adventure
Elli and the Ghostly Ghost Train,5.1,101,86,Adventure
WWII: Operation Phoenix,6.2,77,106,Adventure
War of the Worlds: Extinction,3.0,207,84,Adventure
Lumina,2.1,672,113,Adventure
Thangalaan,6.6,6600,156,Adventure
Cells at Work!,6.7,241,109,Adventure
Noah's Ark,4.3,662,96,Adventure
Dongeng Sang Kancil,6.7,173,99,Adventure
Planetquake,3.0,307,85,Adventure
Meanwhile on Earth,6.0,916,89,Adventure
Bionic,4.3,1700,110,Adventure
Escape from the 21st Century,6.5,887,98,Adventure
Robin and the Hoods,4.3,512,100,Adventure
Gracie and Pedro: Pets to the Rescue,5.1,276,87,Adventure
This Too Shall Pass,9.0,12,105,Adventure
School of Magical Animals 3,5.8,315,105,Adventure
All for One,1.4,660,97,Adventure
Return to Wickensburg,5.0,30,88,Adventure
Roadkill,3.7,685,90,Adventure
Big City Greens the Movie: Spacecation,6.2,543,83,Adventure
Pimpinero: Blood and Oil,5.6,551,121,Adventure
The Keepers of the 5 Kingdoms,4.0,219,109,Adventure
The Last Ronin,4.9,577,115,Adventure
The Mountain,6.6,157,89,Adventure
Warrior Awang and Master Tok Gajah,4.6,476,118,Adventure
The Goat,5.7,186,91,Adventure
No Time to Spy: A Loud House Movie,6.4,450,81,Adventure
Kvitebjørn,5.9,62,85,Adventure
I Heart Robots,4.6,2400,76,Adventure
Dalia y el Libro Rojo,6.5,91,107,Adventure
Gladiators,5.9,45,95,Adventure
Spiders on a Plane,5.1,373,78,Adventure
Barroz: Guardian of Treasures,3.5,1000,155,Adventure
Rally Caps,5.5,140,100,Adventure
Never Look Away,7.2,265,85,Adventure
One Million Babes BC,2.1,85,75,Adventure
Oscar Wilde About America,4.4,28,98,Adventure
Beyond existence,4.3,21,95,Adventure
My Freaky Family,6.3,406,86,Adventure
My Oni Girl,6.0,1700,112,Adventure
"Maya, donne-moi un titre",6.4,54,61,Adventure
The Kingdom,7.9,91,133,Adventure
Marianengraben,7.4,84,87,Adventure
Going Viral,6.9,53,90,Adventure
Ayalaan,6.0,4000,155,Adventure
Mobile Suit Gundam SEED Freedom,6.6,953,124,Adventure
Diplodocus,6.3,178,90,Adventure
The Phantom Warrior,2.4,555,119,Adventure
Guest from the Future,6.0,1200,141,Adventure
Seven Seas Seven Hills,8.7,89,90,Adventure
Si Juki the Movie: Harta Pulau Monyet,6.0,119,107,Adventure
Odio el verano,5.1,585,103,Adventure
Storm Crashers,6.2,563,88,Adventure
Road Wars: Max Fury,2.0,350,83,Adventure
Five Friends,6.7,909,112,Adventure
The Casagrandes Movie,5.6,667,89,Adventure
A Trip Elsewhere,5.5,102,93,Adventure
Earthquake Underground,3.3,196,83,Adventure
Rocky Road to Berlin,7.2,1400,104,Adventure
STEVE (A Minecraft Movie),6.9,12,61,Adventure
Dünya Varmis,7.2,54,100,Adventure
Fox & Hare Save the Forest,5.9,203,71,Adventure
Treasure Trackers,5.8,163,92,Adventure
Ahl Al Kahf,5.3,265,120,Adventure
Kalvan,5.6,985,142,Adventure
Bureau 749,4.0,533,123,Adventure
Luigi's Mansion,6.0,17,60,Adventure
The Traveller,5.2,208,134,Adventure
Oculus,6.0,15,113,Adventure
Shrek 5: The Contract - A Fan Made Film,7.0,19,84,Adventure
My Fathers' Daughter,6.7,74,78,Adventure
The Lost Tiger,7.9,45,90,Adventure
The Epidemic,5.7,72,95,Adventure
Amazon Bullseye,5.2,204,113,Adventure
Buddy,3.8,346,137,Adventure
Die Chaosschwestern und Pinguin Paul,5.7,68,100,Adventure
Memes & Nightmares,5.7,85,81,Adventure
Nintama Rantaro Dokutake Ninja-tai Saikyou no Gunshi,6.9,21,90,Adventure
Captain Miller,6.5,8600,157,Adventure
Bremenskie muzykanty,4.6,670,115,Adventure
Sunlight,7.9,17,96,Adventure
Empire Queen: The Golden Age of Magic,3.2,204,148,Adventure
Taklee Genesis x Worlds Collide,5.4,410,146,Adventure
The Trail,7.8,37,80,Adventure
Shanghai Story,8.2,58,71,Adventure
Game On,2.6,353,85,Adventure
Spirit Riser,6.7,33,98,Adventure
The Backrooms,6.2,8,63,Adventure
Kodaikanal,9.2,69,173,Adventure
Sam and Colby: The Legends of the Paranormal,4.8,307,98,Adventure
At Her Feet,7.5,41,100,Adventure
Vertical,5.2,133,111,Adventure
Daye: Seret ahl el Daye,7.9,17,104,Adventure
Un lío de millones,6.0,50,91,Adventure
Its Name Was Mormo,3.7,115,93,Adventure
Bull Shark 3,3.5,84,76,Adventure
The Big Trip 3: Race Around the World,5.6,59,85,Adventure
Zak & Wowo: The Legend of Lendarys,5.7,96,85,Adventure
Jathara,7.8,1100,129,Adventure
Formed Police Unit,4.6,479,120,Adventure
Tokusou Sentai Dekaranger 20th: Fireball Booster,7.0,33,50,Adventure
Transformers Prime: Galavatron's Revenge,3.4,10,104,Adventure
Niko: Beyond the Northern Lights,6.2,333,86,Adventure
Stinky Summer,5.6,51,90,Adventure
The Forest,6.3,49,77,Adventure
Powder Pup,6.2,76,89,Adventure
Dragon Ball Z Kai,8.5,71,82,Adventure
This Land of Mine,5.7,11,90,Adventure
Friendly Fire,5.7,37,105,Adventure
Trifole,7.6,51,100,Adventure
The Adventures of Jurassic Pet: Return to the Wild,5.2,63,90,Adventure
Jurassic Triangle,2.5,281,84,Adventure
Kaizen,7.3,654,160,Adventure
Little Emma,5.9,114,106,Adventure
Dead Dead Demon's Dededede Destruction,7.0,145,120,Adventure
Dreams,7.6,8,106,Adventure
My Redneck Neighbor: Chapter 1 - The Rednecks Are Coming,5.0,8,74,Adventure
Askepote,3.5,83,72,Adventure
Lo carga el diablo,7.4,23,93,Adventure
Captain Avispa,5.8,177,96,Adventure
Yolki 11,4.7,170,92,Adventure
Death Game,6.3,24,88,Adventure
Diving Into the Darkness,9.1,83,96,Adventure
The Star City Murders,4.1,142,79,Adventure
Next to Us,4.8,225,125,Adventure
Birds Flying East,5.8,567,100,Adventure
Mong Vuot,5.3,123,96,Adventure
Satu - Year of the Rabbit,9.1,56,93,Adventure
Shadows of Betrayal: Chronicles of Ian Blair,7.3,12,65,Adventure
Teenz,4.4,864,122,Adventure
LasseMajas detektivbyrå - Maskoten som försvann,6.0,58,90,Adventure
Ghost Island,7.3,47,95,Adventure
Tulang Belulang Tulang,7.0,47,95,Adventure
Fuuto PI: Portrait of Kamen Rider Skull,7.5,42,82,Adventure
Z-Mom,4.9,45,90,Adventure
The Slave and the Sorcerer,6.7,40,86,Adventure
Håkan Bråkan 2,5.3,133,92,Adventure
Dünya Mali: Eksi Bir,7.2,17,133,Adventure
Stranded Pearl,6.0,27,90,Adventure
Gepack,6.6,360,97,Adventure
Witch Hunter,5.3,24,80,Adventure
Letuchiy korabl,3.8,298,100,Adventure
Permafrost,5.7,115,80,Adventure
The Umbrella Fairy,5.5,54,95,Adventure
Tri kota. Zimnie kanikuly,6.5,31,65,Adventure
Major Grom: The Game,6.1,1900,168,Adventure
Turma da Mônica Jovem: Reflexos do Medo,2.8,258,88,Adventure
Arctic Hollow,2.3,180,70,Adventure
Wonderful Precure! The Movie! Doki Doki Game no Sekai de Daiboken,7.0,35,71,Adventure
Masha i Medved v kino: Park chudes,7.6,17,58,Adventure
Dikkie Dik 2: Een Nieuwe Vriend voor Dikkie Dik,7.4,72,70,Adventure
Historia de pastores,5.5,34,80,Adventure
The Worlds Divide,8.1,39,120,Adventure
Benjamin Bat,7.9,30,75,Adventure
Baba Yaga spasaet Novyy god,4.4,116,99,Adventure
Yaren Leylek,5.9,27,95,Adventure
The Yoshi Movie,7.7,12,105,Adventure
Cazatesoros,6.4,28,106,Adventure
Hain,2.9,45,95,Adventure
Güzel Bir Rüya,4.7,44,79,Adventure
BAM!,6.9,29,80,Adventure
Naa Saami Ranga,4.5,1200,150,Adventure
Tri bogatyrya. Ni dnya bez podviga,5.7,69,61,Adventure
Igrisca ne damo!,7.0,27,79,Adventure
Tay 2: Ebabil Takimi,5.2,38,78,Adventure
Rocky and Bullwinkle,9.2,13,100,Adventure
Xibalba Monster,6.5,29,76,Adventure
Vikaasaparva,8.5,541,134,Adventure
Six Nine Five (695),7.1,705,137,Adventure
Dead Dead Demon's Dededede Destruction Zenpen,7.1,140,120,Adventure
Dikkie Dik en de Verdwenen Knuffel,7.3,130,62,Adventure
Tipppsy,8.2,33,115,Adventure
Abudeka Is Back,5.3,35,120,Adventure
Ognivo,5.5,226,105,Adventure
Chernyy zamok,7.9,19,115,Adventure
"Silex and the City, le film",4.9,50,77,Adventure
Appu,8.6,181,92,Adventure
Nature Cat's Nature Movie Special Extraordinaire,7.3,19,53,Adventure
The Secret of Pin-Up Island,7.4,92,107,Adventure
Moy dikiy drug,6.5,58,100,Adventure
Two Breaths,8.2,22,18,Adventure
Nothing Unusual,9.7,12,92,Adventure
Mobile Suit Gundam: Silver Phantom,6.1,13,90,Adventure
Oyunda Kal: Eglence Arenasi,2.6,36,92,Adventure
Pui Pui Molcar the Movie: Molmax,7.0,9,69,Adventure
Surge of Power: Where There's Smoke,6.5,13,68,Adventure
The Eye of the Salamander,7.9,20,81,Adventure
Bratya,2.8,122,103,Adventure
Goodbye Hamdi,6.2,9,85,Adventure
Cândido,6.3,61,99,Adventure
Chhota Bheem and the Curse of Damyaan,4.8,2300,145,Adventure
Fights Break Sphere 3,4.7,8,81,Adventure
Wilhelm Gustloff,8.7,8,110,Adventure
Mama,8.5,7,100,Adventure
Joachim and the Apocalypse,7.2,13,90,Adventure
Triple 7: They Said It Couldn't Be Done,8.5,14,97,Adventure
Adam i Eva,5.1,94,95,Adventure
Steal the Naughty List,6.4,120,90,Adventure
The Last Five Days: The Freak Building,3.8,58,61,Adventure
Samaya bolshaya luna,2.4,128,105,Adventure
Poklad,4.4,41,100,Adventure
Petualangan Anak Penangkap Hantu,6.0,25,99,Adventure
Operation Wakaliga: Fate and Blood,6.7,11,66,Adventure
Manyunya. Priklyucheniya v derevne,5.8,121,84,Adventure
Zoloto Umalty,4.9,109,109,Adventure
Jaunt,8.4,7,78,Adventure
Hope & Glory,6.6,145,44,Adventure
Vasilisa i khraniteli vremeni,3.1,68,98,Adventure
Kiyma: Orman Kanunlari,4.5,36,81,Adventure
Suchana,8.8,511,90,Adventure
Antarctic Voyage,6.8,6,48,Adventure
The Dragon's Tomb,6.8,52,77,Adventure
Manyunya. Priklyucheniya v Moskve,5.8,111,87,Adventure
Mortadella,8.4,6,90,Adventure
Anytime,8.9,20,62,Adventure
The Very Last Christmas,8.5,12,75,Adventure
Piraty galaktiki Barrakuda,4.5,82,92,Adventure
Troy the Bharat Putra,5.5,31,134,Adventure
Longe da Estrada,6.0,9,68,Adventure
"Fallen Leaves, Broken Lighters",7.7,7,96,Adventure
De Legende van Familie Vos,5.7,59,81,Adventure
Suvorovets 1944,5.1,9,90,Adventure
V potoke trekh stikhiy,5.2,42,85,Adventure
Mai Martaba,4.9,10,86,Adventure
Wonderland,6.8,12,120,Adventure
Advent,7.5,6,119,Adventure
Heavens: The Boy and His Robot,6.3,22,98,Adventure
Príncipe Lu e a Lenda do Dragão,4.2,27,90,Adventure
Yasmeen's Element,7.6,20,76,Adventure
Kade,6.7,16,92,Adventure
Novogodniy ekspress,9.2,5,47,Adventure
Tur s Ivanushkami,5.3,159,111,Adventure
The Ballad of Straw Hat Sam,9.2,10,45,Adventure
Bar MoskvaChiki,5.2,102,91,Adventure
The Bigfoot Prophecy,4.8,23,117,Adventure
LUDA,7.2,6,86,Adventure
Tayna Chyornoy Ruki,5.7,23,84,Adventure
Novyy god v Beryozovke,7.1,99,94,Adventure
Tracing the Divide,8.8,170,84,Adventure
Abar Arownne Din Ratri,8.0,8,111,Adventure
Dracu Ra,5.4,37,106,Adventure
Il ricercatore,5.8,7,71,Adventure
A Christmas Carol,9.8,11,39,Adventure
Applepictures the Poseidon Legacy,6.4,19,84,Adventure
No More Trouble - Cosa rimane di una tempesta,8.5,19,97,Adventure
StarGazer: The Need of the Many,5.0,9,47,Adventure
Chyortov kamen,6.4,10,105,Adventure
Dandelion,8.9,9,95,Adventure
Kyle and the Last Emerald 2,8.4,7,15,Adventure
"Poymay sobaku, esli smozhesh",3.5,36,96,Adventure
Moy lyubimyy chempion,2.4,418,95,Adventure
Frankenstein Theater: The Magic Sword,4.4,23,82,Adventure
Colour Palette,9.1,28,87,Adventure
Lajjpal,9.0,8,252,Adventure
The Blinkless,7.8,12,59,Adventure
YA - medved,5.0,61,97,Adventure
Mesken (Messuage),7.5,38,102,Adventure
Isle: Alpha One,8.4,7,97,Adventure
Mukhadrakon,5.3,18,109,Adventure
Skazochnyy patrul. Shou prodolzhayetsya,7.2,11,65,Adventure
PW V: Tears of the Fallen,8.2,11,60,Adventure
Pirates & Slaves,5.8,6,53,Adventure
Turbozavry. God drakona,9.2,43,48,Adventure
Ngesot,4.8,18,87,Adventure
Sehnsucht nach Firdaws,8.5,6,103,Adventure
Let's Go! Anpanman: Baikinman and Lulun,6.5,7,64,Adventure
Selebryata,3.8,20,93,Adventure
Banana Boat,5.7,20,78,Adventure
Boom!,8.3,11,90,Adventure
Luccas e Gi em: Dinossauros,3.5,27,91,Adventure
Whites Only: Ade's Extremist Adventure,7.0,27,65,Adventure
I'm Professional,3.7,8,95,Adventure
Gostya iz kosmosa,8.5,6,70,Adventure
Okhota na russkogo geniya,5.3,11,71,Adventure
Piri Reis: The Incredible Chart,6.9,22,138,Adventure
Beyaz Zenciler: Yapim Asamasi,8.6,5,55,Adventure
The Kingfish 2,7.9,10,72,Adventure
The Ministry of Ungentlemanly Warfare,6.8,135000,122,War
The Six Triple Eight,6.7,26000,127,War
William Tell,5.7,2500,133,War
Nr. 24,7.5,15000,111,War
Blitz,6.2,16000,120,War
My Dead Friend Zoe,6.6,2200,103,War
Dirty Angels,4.3,3400,104,War
Amaran,8.1,19000,167,War
Before Dawn,5.4,1000,101,War
Uprising,6.6,5600,126,War
Goebbels and the Führer,6.7,2200,135,War
Escape from Germany,5.3,971,97,War
Without Blood,7.5,109,91,War
Murder Company,3.7,1600,86,War
Laws of Man,5.2,1000,98,War
Chhava,8.4,2200,51,War
All the Lost Ones,3.7,250,106,War
Quisling: The Final Days,7.1,1100,146,War
"Canadian, Sniper",3.4,357,83,War
Chandu Champion,7.8,34000,142,War
The Last Front,5.5,612,98,War
Decoded,5.7,438,156,War
WWII: Operation Phoenix,6.2,77,106,War
Bau: Artist at War,7.0,58,130,War
Russians at War,2.0,1100,129,War
"Love, Courage and the Battle of Bushy Run",5.0,183,113,War
Atatürk II: 1881-1919,8.9,2100,141,War
Invasion,4.8,681,91,War
The Friendly,8.1,15,101,War
Conquer: Lahad Datu,6.6,515,120,War
Dharmarakshak Mahaveer Chhatrapati Sambhaji Maharaj,8.1,660,174,War
Ka Whawhai Tonu,7.3,179,115,War
The Shamrock Spitfire,5.2,481,108,War
Never Alone,7.2,425,85,War
The Witch: Revenge,5.3,824,100,War
Battlefield,6.2,673,104,War
Kang Mak,6.4,818,122,War
Aserb: The Squadron,5.2,307,120,War
War Blade,3.9,253,94,War
The Yin Yang Master Zero,5.7,275,112,War
The Volunteers: The Battle of Life and Death,6.2,233,144,War
The Epidemic,5.7,72,95,War
Haywire: Gunslingers,2.2,27,85,War
The Dugout,5.4,756,114,War
Hitler,5.2,305,128,War
White Courage,6.4,622,115,War
"Dao, Pho Va Piano",5.8,204,100,War
Red Poppies,4.7,298,122,War
Klitschko: More Than a Fight,6.3,506,96,War
24 Hours to D-Day,4.8,37,83,War
Fortunes of War,3.6,177,85,War
Bozji gnjev,7.2,59,111,War
The Liberation Men,6.5,79,90,War
The Mousetrap,7.2,22,87,War
Bardejov,4.8,177,85,War
Air War,6.4,113,106,War
Vremya vernutsya,6.9,15,100,War
Ludzie,6.9,47,117,War
October 7 - Al Jazeera Investigations,6.3,44,60,War
Pidyomna syla,8.7,67,87,War
Village of Death: Oradour-sur-Glane 1944,7.8,15,58,War
Dwie siostry,5.6,23,92,War
Burning Stars,6.6,45,84,War
Operation Star,7.7,24,102,War
Eddy's oorlog,7.7,46,101,War
"America, Invaded",7.3,20,82,War
We Were Recruits,7.0,232,92,War
Iyunskaya polyn,10,5,79,War
Sem chyornykh bumag,6.7,56,96,War
Pozyvnoy «Passazhir»,4.8,230,101,War
Korni,8.2,16,137,War
Blood Vendetta,7.7,237,90,War
The Daughter,4.0,6,97,War
Kara Kyz,4.8,20,111,War
Churchill's Forgotten War,7.8,12,47,War
Krasnye lenty,5.4,22,62,War
"Por ti, Portugal, eu juro!",7.7,6,98,War
Los indomables,6.5,9,106,War
Krigsvarsleren,7.4,7,55,War
On Moral Grounds,8.4,7,74,War
Dosije Kosovo - Pogrom,7.6,5,109,War
Challengers,7.0,155000,131,Sport
Queen of the Ring,6.9,941,140,Sport
Under Paris,5.2,36000,104,Sport
Arthur the King,7.0,34000,107,Sport
Unstoppable,6.8,4100,116,Sport
Young Woman and the Sea,7.5,17000,129,Sport
The Fire Inside,6.7,2600,109,Sport
You Gotta Believe,5.8,1300,104,Sport
Rez Ball,6.3,2500,111,Sport
Sweet Dreams,5.4,1400,95,Sport
The Beautiful Game,6.3,8100,125,Sport
El Jockey,6.4,1700,96,Sport
Race for Glory: Audi vs. Lancia,5.8,4700,109,Sport
The Underdoggs,5.6,4600,96,Sport
Uranus 2324,6.4,4800,130,Sport
Sixty Minutes,5.7,5200,88,Sport
Haikyu!! The Dumpster Battle,7.7,6200,85,Sport
Blue Lock: Episode Nagi,6.6,2500,91,Sport
Chandu Champion,7.8,34000,142,Sport
Lubber Pandhu,8.1,6000,146,Sport
Maidaan,7.9,23000,181,Sport
El Hareefa,6.9,1000,117,Sport
Bionic,4.3,1700,110,Sport
Little Wing,6.1,939,100,Sport
Boxer,6.4,1300,150,Sport
Balestra,5.1,529,145,Sport
My Sunshine,7.1,1400,100,Sport
Havnaa,7.2,245,110,Sport
Yolo,6.9,3700,129,Sport
Vijay 69,6.1,1200,112,Sport
Color of Victory,6.1,40000,157,Sport
Crakk: Jeetega... Toh Jiyegaa,4.7,6500,154,Sport
The Final: Attack on Wembley,6.3,2500,82,Sport
Federer: Twelve Final Days,7.3,4100,88,Sport
Giannis: The Marvelous Journey,8.3,1700,109,Sport
El Harifa 2: El Remontada,6.5,392,130,Sport
The Champion,5.5,886,106,Sport
Cup,8.5,69,146,Sport
Gundi: Legend of Love,9.0,5500,166,Sport
Ski,7.7,64,95,Sport
Free Falling,5.2,293,89,Sport
Lal Salaam,4.5,1300,150,Sport
Baki Hanma VS Kengan Ashura,5.7,1900,62,Sport
My Annoying Brother,7.5,234,114,Sport
The Swedish Torpedo,6.4,143,120,Sport
Nayab,7.4,268,153,Sport
Mr. & Mrs. Mahi,5.9,16000,139,Sport
Samia,6.8,137,102,Sport
Pegasus 2,6.9,1300,121,Sport
Memes & Nightmares,5.7,85,81,Sport
Sunshine,7.3,48,91,Sport
Pierce,6.5,134,109,Sport
Topuria Matador,7.2,166,95,Sport
EFC,7.8,1200,87,Sport
Hayatla Baris,6.3,372,125,Sport
Undisputed,6.8,102,64,Sport
4 Zéros,3.6,142,105,Sport
Las super estrellas de la lucha libre,8.6,49,98,Sport
Keluar Main 1994,7.9,52,112,Sport
Giroud,6.1,17,80,Sport
Friendly Fire,5.7,37,105,Sport
The Miranda Brothers,4.4,190,99,Sport
Nasty,7.8,1100,103,Sport
Uma Musume: Pretty Derby - Beginning of a New Era,7.3,121,108,Sport
Fuchsia Libre,4.9,58,112,Sport
Minor Leaguer,5.2,87,77,Sport
Diving Into the Darkness,9.1,83,96,Sport
Puffing Iron,7.9,19,98,Sport
Untold: The Murder of Air McNair,5.6,2100,57,Sport
Kulej. Dwie strony medalu,6.4,315,148,Sport
Megdan: Between Water and Fire,5.4,724,106,Sport
GG (Good Game),5.7,79,100,Sport
Harimau Malaya: The Untold Journey,8.2,22,125,Sport
Challenger,5.6,171,95,Sport
It's All Over: The Kiss That Changed Spanish Football,6.9,629,95,Sport
Wingless,7.8,94,110,Sport
V de Victor,5.2,75,100,Sport
Runaway Wrestler,7.9,15,105,Sport
Blue Star,6.9,1500,166,Sport
Champions of the Golden Valley,9.2,64,81,Sport
Gold,7.8,67,126,Sport
Ice Aged,6.5,6,110,Sport
Lyod 3,6.0,303,134,Sport
Unbreakable: England 2003,8.2,35,66,Sport
Game Changers,4.7,221,78,Sport
Padu,5.1,80,97,Sport
A Horse Named Winx,8.7,98,117,Sport
See Her Be Her,7.2,24,110,Sport
Knockout Blonde: The Kellie Maloney Story,5.9,21,90,Sport
Parviz Khan,6.0,207,110,Sport
Final Heat,3.8,214,83,Sport
Numéro 10,5.4,51,91,Sport
I am Al Ittihad,4.9,228,90,Sport
Dabaru,8.9,648,131,Sport
Rafa Márquez: El Capitán,6.6,192,82,Sport
Fedya. Narodnyy futbolist,6.0,123,125,Sport
Together: 4-in-a-Row,6.2,63,92,Sport
The Netflix Slam,7.1,142,150,Sport
In Inima Nationalei,7.8,199,103,Sport
The Unbreakable Tatiana Suarez,6.6,171,78,Sport
Anytime,8.9,20,62,Sport
Eclipse,9.4,83,79,Sport
Chong · Zhuang,7.2,17,124,Sport
Daley,7.8,180,102,Sport
La valanga azzurra,7.6,10,90,Sport
Below the Rim,5.0,16,89,Sport
Ice Cross: Life on the Edge,9.1,13,90,Sport
V potoke trekh stikhiy,5.2,42,85,Sport
Ping pang nan hai,7.3,17,108,Sport
"Hai, Romania!",8.1,421,98,Sport
A Game of Two Halves,7.3,24,100,Sport
The Spoils: Selling the Future of American Basketball,6.0,6,87,Sport
DitO,3.2,13,117,Sport
Tracing the Divide,8.8,170,84,Sport
Nos Amours: The Saga of the Montreal Expos,6.2,23,92,Sport
Gabru Gang,8.7,214,123,Sport
Quest for the Shield,9.2,12,112,Sport
Linford,7.3,147,89,Sport
Take the Steps,8.3,74,83,Sport
All American,9.6,18,87,Sport
Graciano Rocchigiani - Das Herz eines Boxers,9.2,51,123,Sport
UFC 299: O'Malley vs. Vera 2,7.4,80,180,Sport
Trailblazers,6.8,17,38,Sport
The Next Centimeter,7.5,35,26,Sport
Battle of the Baddest,6.1,94,61,Sport
"Surf on, Europe!",7.8,22,92,Sport
Golpe a Golpe (Blow by Blow),8.1,23,90,Sport
UFC 303: Pereira vs. Prochazka 2,6.4,69,195,Sport
Welcome Back,7.4,5,119,Sport
UFC 302: Makhachev vs. Poirier,6.7,91,180,Sport
Faster: Only one lap,7.1,23,90,Sport
Gyakorlat teszi a mestert,6.1,15,46,Sport
Hatching Eagles,6.9,23,63,Sport
UFC 304: Edwards vs. Muhammad 2,6.0,71,200,Sport
Khapsyhyy,5.5,7,90,Sport
Triumf,7.3,9,113,Sport
UFC 297: Strickland vs. du Plessis,6.4,61,180,Sport
Veljko od mora,7.2,16,53,Sport
Episodes: Ukraine at the World Cup (2024),8.2,69,79,Sport
Quote 10.35,8.0,24,35,Sport
Zlatan Ibrahimovic hyllningsmatch (Sweden vs Serbia),6.6,6,170,Sport
¡Qué suerte hemos tenido!,7.5,16,62,Sport
Is University Really Worth It?,5.2,12,60,Sport
87 Candles,8.9,9,55,Sport
The Order,6.8,43000,116,Crime
The Beekeeper,6.3,157000,105,Crime
Trap,5.8,137000,105,Crime
Longlegs,6.6,185000,101,Crime
Juror #2,7.0,98000,114,Crime
Freaky Tales,7.2,1200,107,Crime
Carry-On,6.5,165000,119,Crime
The Crow,4.7,35000,111,Crime
Despicable Me 4,6.2,65000,94,Crime
Wolfs,6.5,83000,108,Crime
Greedy People,6.2,12000,112,Crime
MaXXXine,6.2,70000,103,Crime
Rebel Ridge,6.8,88000,131,Crime
Dead Mail,6.0,867,106,Crime
Pushpa: The Rule - Part 2,6.1,56000,201,Crime
Emilia Pérez,5.4,88000,132,Crime
The Girl with the Needle,7.5,14000,123,Crime
Lucky Baskhar,8.0,32000,148,Crime
Absolution,5.2,8100,112,Crime
Bad Boys: Ride or Die,6.5,100000,115,Crime
Love Lies Bleeding,6.6,57000,104,Crime
Riff Raff,5.7,3000,103,Crime
Lake George,6.4,1200,118,Crime
Monkey Man,6.8,92000,121,Crime
The Instigators,6.2,38000,101,Crime
The Seed of the Sacred Fig,7.6,13000,167,Crime
Beverly Hills Cop: Axel F,6.4,81000,118,Crime
Lift,5.5,49000,107,Crime
Maharaja,8.4,67000,141,Crime
Sleeping Dogs,6.2,22000,110,Crime
Santosh,7.1,2000,128,Crime
Jafaican,5.5,7,101,Crime
Toofan,7.4,8100,145,Crime
Marco,6.8,21000,145,Crime
The Thicket,5.8,3100,108,Crime
Trigger Warning,4.6,19000,106,Crime
Armor,3.6,4000,89,Crime
Long Gone Heroes,5.2,1100,101,Crime
Trouble,6.2,6900,98,Crime
Beating Hearts,7.0,4700,166,Crime
Killer Heat,5.6,13000,95,Crime
Twilight of the Warriors: Walled In,7.0,9500,126,Crime
Brothers,5.4,13000,89,Crime
The Shadow Strays,6.5,9200,144,Crime
Duchess,4.6,1400,114,Crime
The Silent Hour,6.1,7500,99,Crime
Colors of Evil: Red,6.4,8500,111,Crime
Blackwater Lane,4.6,1900,108,Crime
Force of Nature: The Dry 2,5.8,7100,120,Crime
Misericordia,6.9,2100,104,Crime
Do Patti,6.4,69000,126,Crime
Hitpig,5.1,941,86,Crime
Dead Sea,5.2,5300,88,Crime
Harbin,6.2,651,108,Crime
Boneyard,4.1,5000,96,Crime
Damaged,4.7,7300,97,Crime
My Fault,4.2,7000,120,Crime
Bangkok Dog,4.7,201,85,Crime
Megamind vs. The Doom Syndicate,2.5,5600,83,Crime
The Unholy Trinity,7.9,53,93,Crime
The Calendar Killer,5.4,4200,97,Crime
5lbs of Pressure,5.2,1600,111,Crime
Detained,4.9,1500,97,Crime
The Trainer,7.1,55,95,Crime
Sector 36,7.1,25000,123,Crime
Justice,6.3,3900,113,Crime
Baby John,5.2,17000,159,Crime
The Courier,6.0,4400,101,Crime
Viduthalai Part 2,7.9,16000,170,Crime
The Thundermans Return,5.0,1800,70,Crime
Revolver,5.4,868,114,Crime
Singham Again,4.7,75000,144,Crime
Thalavan,7.2,4700,131,Crime
The Roundup: Punishment,6.6,5300,109,Crime
Sikandar Ka Muqaddar,6.0,24000,142,Crime
Darkness of Man,4.8,3200,109,Crime
Jönssonligan kommer tillbaka,5.9,1400,104,Crime
The Quiet Ones,6.3,692,110,Crime
"I, the Executioner",6.3,1700,118,Crime
Jigra,6.0,24000,153,Crime
Badland Hunters,5.9,12000,107,Crime
Depravity,4.3,997,117,Crime
Reputation,9.3,9,83,Crime
Inside,7.0,238,104,Crime
Code 8: Part II,5.7,16000,100,Crime
Golam,7.2,5700,120,Crime
The Clean Up Crew,4.1,1200,95,Crime
Strictly Confidential,2.8,854,94,Crime
Officer Black Belt,6.8,8300,108,Crime
Maharaj,6.5,15000,131,Crime
The Kingdom,6.9,778,112,Crime
Døde menn går på ski,5.2,300,89,Crime
Marmalade,6.3,3600,99,Crime
Drugstore June,5.4,1700,91,Crime
El Jockey,6.4,1700,96,Crime
Pani,6.9,3000,143,Crime
Maldoror,7.0,629,155,Crime
Midnight Taxi,5.5,82,97,Crime
The Soul Eater,5.9,2600,108,Crime
Bogota: City of the Lost,5.4,1900,108,Crime
Ride,5.9,394,114,Crime
Case of Kondana,5.8,607,143,Crime
Cult Killer,4.8,2800,105,Crime
Guns & Moses,8.2,47,94,Crime
King Ivory,7.3,63,130,Crime
Ulajh,6.0,24000,150,Crime
Barron's Cove,8.2,33,116,Crime
Lover Stalker Killer,7.0,13000,90,Crime
Compulsion,6.3,13,94,Crime
What Jennifer Did,6.1,11000,87,Crime
Bougainvillea,6.4,3200,138,Crime
Savi,6.1,35000,126,Crime
Anweshippin Kandethum,7.4,10000,142,Crime
City Hunter,6.3,5600,102,Crime
Sicilian Letters,6.1,725,122,Crime
Laws of Man,5.2,1000,98,Crime
Dead Wrong,3.9,259,104,Crime
Sorgavaasal,6.6,1400,138,Crime
Broken Rage,6.1,1400,62,Crime
Boundless,5.6,1900,121,Crime
Saripodhaa Sanivaaram,7.0,9100,166,Crime
The Pee Pee Poo Poo Man,8.3,25,79,Crime
To a Land Unknown,7.3,502,105,Crime
Freedom,5.9,1400,110,Crime
Untamed Royals,4.6,641,99,Crime
Jailbreak: Love on the Run,6.4,3200,88,Crime
First Shift,4.5,2000,89,Crime
Hijack 1971,6.8,3300,100,Crime
Io e te dobbiamo parlare,4.2,260,95,Crime
In Her Place,6.2,1500,96,Crime
Bhakshak,7.2,7200,134,Crime
Sheriff,6.9,1100,133,Crime
Here Now,4.9,412,118,Crime
Kahar: Kapla High Council,6.9,464,102,Crime
How to Rob a Bank,6.6,4200,88,Crime
The Sabarmati Report,6.4,24000,127,Crime
Crescent City,3.9,1400,103,Crime
In Youth We Trust,6.7,433,132,Crime
Kingsmen,6.3,48,72,Crime
Strangers,4.3,389,106,Crime
Gumasthan,5.8,517,145,Crime
Hellhound,4.3,507,103,Crime
Bloodline Killer,3.8,4400,105,Crime
Nice Girls,4.2,1200,92,Crime
Vettaiyan,7.0,39000,163,Crime
Wanted Man,4.8,2600,85,Crime
Ferry 2,5.6,3800,94,Crime
The Lockdown,4.3,612,117,Crime
Shoutai,6.9,575,120,Crime
Raayan,6.5,11000,145,Crime
Biggest Heist Ever,6.1,1500,85,Crime
Rats!,6.6,128,85,Crime
Two to One,6.1,730,116,Crime
Dirty Money,5.6,136,100,Crime
The Shameless,5.8,223,114,Crime
Dirty Ice Cream,4.4,121,47,Crime
Auron Mein Kahan Dum Tha,6.5,41000,150,Crime
Belle,5.8,64,100,Crime
Dengeler,5.3,213,123,Crime
The Birds Who Fear Death,9.2,73,102,Crime
Citizen of a Kind,6.7,826,114,Crime
Serpent's Path,5.8,289,112,Crime
A Place Called Silence,6.4,1200,119,Crime
Loverboy: Emoties Uit,6.4,520,98,Crime
Amish Affair,5.5,201,86,Crime
Peg O' My Heart,6.1,126,97,Crime
Mission: Cross,6.1,2600,105,Crime
Faultline,5.7,97,92,Crime
Phir Aayi Hasseen Dillruba,5.8,6800,132,Crime
GTMax,5.0,1200,100,Crime
Last Known Location,6.1,1400,110,Crime
Svemu dodje kraj,6.5,312,89,Crime
Havnaa,7.2,245,110,Crime
Roadkill,3.7,685,90,Crime
They Called Him Mostly Harmless,5.9,3200,89,Crime
Conquer: Lahad Datu,6.6,515,120,Crime
Tillu Square,6.6,3400,137,Crime
Miséria,5.3,101,99,Crime
Octopus with Broken Arms,6.1,265,109,Crime
Nefarious,7.1,56,85,Crime
The Park Maniac,4.8,1600,103,Crime
Kaulayaw,4.1,167,95,Crime
Anand Sreebala,6.6,2400,134,Crime
Sons of Rizk 3,6.7,1700,125,Crime
Scorched Earth,6.7,547,101,Crime
The Final: Attack on Wembley,6.3,2500,82,Crime
Rautu Ka Raaz,6.3,2000,114,Crime
Borderless Fog,5.2,1300,110,Crime
Abraham Ozler,6.6,4200,143,Crime
The Smile Man,7.5,1500,122,Crime
She's Got No Name,7.0,50,150,Crime
Nunakuzhi,6.8,3000,125,Crime
Road to Terzetto,7.2,35,96,Crime
The Moon Thieves,6.1,254,108,Crime
Bermondsey Tales: Fall of the Roman Empire,4.3,184,99,Crime
Papa,7.5,326,131,Crime
Cravings,1.7,10,155,Crime
10 Days of a Curious Man,5.7,1300,110,Crime
Visfot,5.7,1200,130,Crime
Sayara,5.7,278,98,Crime
Ghost Killer,7.0,76,105,Crime
Crisis Negotiators,6.7,717,120,Crime
Baby Assassins: Nice Days,7.3,306,103,Crime
A Gangster's Kiss,4.7,47,81,Crime
The Hostage,6.0,11,87,Crime
Lady Scorpions,3.6,368,101,Crime
Red Night at Skye's,7.0,9,82,Crime
The Kingdom,7.9,91,133,Crime
Mirza: Part 1 - Joker,6.8,241,165,Crime
Love You to Debt,6.2,759,135,Crime
Little Jaffna,6.9,45,100,Crime
"Rajagunj: Pooja, Sir",6.4,738,115,Crime
Mr. Bachchan,3.6,5300,150,Crime
The Experts,6.1,280,121,Crime
Go for Broke,5.7,272,115,Crime
Vina: Before 7 Days,5.4,594,100,Crime
Dhakshina,5.4,5200,107,Crime
Una ballena,6.1,76,108,Crime
The Truth vs. Alex Jones,7.5,3000,121,Crime
The Girl Who Wore Yellow Lace,4.5,22,82,Crime
Nirangal Moondru,6.1,535,122,Crime
Le Mohican,7.0,153,87,Crime
Murder and Cocktails,3.9,363,88,Crime
Midas,4.7,340,85,Crime
Nahir,4.7,1100,122,Crime
(Pri)sons,5.0,274,100,Crime
Passages of Nexus,5.7,254,108,Crime
The Plot,4.8,383,100,Crime
Krista,5.7,50,58,Crime
Chris Brown: A History of Violence,5.4,319,82,Crime
Jersey Bred,4.4,71,92,Crime
Harom Hara,6.6,3000,154,Crime
A Brothers Bond,5.1,42,103,Crime
Killer Babes,3.5,285,94,Crime
Hit List,5.5,313,125,Crime
No Cap,5.6,38,108,Crime
Operation Raavan,7.8,1200,147,Crime
"MoviePass, MovieCrash",6.7,2800,96,Crime
Bunny & Clive,2.3,23,76,Crime
Dandupalayam,5.5,1200,137,Crime
Bangkok Breaking: Heaven and Hell,5.8,669,146,Crime
Quotation Gang Part 1,8.8,21,118,Crime
Cookster: The Darkest Days,8.2,40,119,Crime
Siren,6.4,2900,154,Crime
Unspoken,8.2,46,120,Crime
The Heist,6.9,2000,120,Crime
"LSD 2: Love, Sex Aur Dhokha 2",3.8,2800,119,Crime
Hunt the Wicked,5.3,113,102,Crime
Bars,5.8,23,135,Crime
Remedy,4.1,261,82,Crime
Final Heist,4.4,153,83,Crime
Samandar,7.7,140,172,Crime
Illusions for Sale: The Rise and Fall of Generation Zoe,6.2,645,107,Crime
The Actor,3.4,733,128,Crime
Metamorfosi dell'essere,7.3,82,105,Crime
Drive,5.6,333,90,Crime
Valley of the Shadow of Death,5.1,15,84,Crime
Kondal,5.4,775,147,Crime
Silence 2: The Night Owl Bar Shootout,6.2,1900,142,Crime
ChiefsAholic: A Wolf in Chiefs Clothing,6.2,376,121,Crime
The Epidemic,5.7,72,95,Crime
Oppa,8.5,47,84,Crime
Plastic Guns,6.3,620,95,Crime
Fyre Rises,6.5,322,110,Crime
They Turned Us Into Killers,2.7,255,86,Crime
Bhaje Vaayu Vegam,6.1,555,136,Crime
Andhagan,6.7,1200,142,Crime
Silver Star,7.1,16,102,Crime
Zebra,7.2,3200,164,Crime
PT Sir,6.8,1700,130,Crime
Silvio,3.0,514,114,Crime
Gde nashi dengi?,6.5,14,76,Crime
Scopophobia,6.0,53,100,Crime
Where Is Gilgamesh?,9.0,607,90,Crime
Filthy Animals,7.3,91,96,Crime
Prepare to Die,4.6,236,93,Crime
Sattam En Kaiyil,8.0,2200,124,Crime
Tòkunbò,3.9,296,113,Crime
Red,4.6,97,114,Crime
Blackia 2,6.0,126,132,Crime
"Hemet, or the Landlady Don't Drink Tea",4.3,88,89,Crime
Diddy: Summit to Plummet,2.3,202,60,Crime
Sinful Lies,6.9,8,65,Crime
Bastar: The Naxal Story,6.4,3300,124,Crime
The Mick and the Trick,4.9,76,96,Crime
Guess Who,4.8,367,93,Crime
9 Windows,3.6,310,82,Crime
Satyabhama,5.9,1500,132,Crime
Troll Factory,5.8,469,109,Crime
The Seven Sorrows of Mary,6.6,35,98,Crime
The Desperate Chase,5.5,60,110,Crime
Poslednji strelac,5.5,259,90,Crime
Matka,4.7,585,156,Crime
Gangs of Godavari,5.0,909,165,Crime
The Shakedown,5.0,309,104,Crime
Shu Si Yi Bo,6.7,33,91,Crime
The Shadow,6.5,261,90,Crime
Ballistic,2.2,161,95,Crime
Un homme en fuite,5.4,159,106,Crime
DNA,5.1,210,156,Crime
Young Lion of the West,5.2,108,93,Crime
Yalakunni,8.8,167,135,Crime
RapeD,7.0,28,105,Crime
Dead Man,5.1,206,109,Crime
Mathu Vadalara 2,7.0,1700,139,Crime
Vares X,3.7,122,85,Crime
Saindhav,5.1,1600,138,Crime
The Worst Man in London,5.7,146,127,Crime
The Waterboyz,7.8,86,89,Crime
Hustlers Take All,5.5,82,106,Crime
High Forces,5.7,530,119,Crime
Formed Police Unit,4.6,479,120,Crime
The Infallibles,4.8,754,99,Crime
Shakhahaari,7.5,1300,145,Crime
RTI,5.9,26,130,Crime
Chameleon,5.8,31,133,Crime
Estômago II: O Poderoso Chef,5.8,323,131,Crime
Rebel,3.1,65,100,Crime
One Last Time,7.0,15,82,Crime
Unknown Caller,7.0,29,63,Crime
Wannabe,4.6,126,102,Crime
Yevam,5.8,1500,123,Crime
Remember Us,6.2,40,96,Crime
Raja Rani,9.3,100,134,Crime
S.I.T,6.7,2300,110,Crime
Blood and Black,7.4,1100,88,Crime
Bozji gnjev,7.2,59,111,Crime
Danger in the Dorm,5.0,153,86,Crime
Cursed in Baja,7.6,22,80,Crime
Overdose,9.1,49,135,Crime
Castillo,8.1,33,128,Crime
Gam Gam Ganesha,5.3,310,140,Crime
Desperado,5.9,144,100,Crime
Piano Love,5.8,15,96,Crime
The Unwavering Brotherhood,5.3,80,94,Crime
Suspect,4.5,82,94,Crime
Texas Twister,2.5,158,88,Crime
Prasanna Vadanam,6.6,538,146,Crime
Nastupit leto,6.7,33,94,Crime
Cry of Silence,6.2,73,116,Crime
Bodiless,5.7,1000,90,Crime
Bond of Justice: Kizuna Part I - Encounter,6.2,18,92,Crime
Breaking the Silence: The Maria Soledad Case,6.3,519,95,Crime
Pattaya Heat,5.6,223,117,Crime
Mudo Kannu,6.6,2100,100,Crime
The Star City Murders,4.1,142,79,Crime
Green Bones,7.7,189,96,Crime
Chor Dil,7.4,37,135,Crime
The Texas Cheerleader Murder Plot,5.0,297,100,Crime
Dream Team,5.2,59,91,Crime
Con Queens,6.2,19,80,Crime
Shadows of Betrayal: Chronicles of Ian Blair,7.3,12,65,Crime
The Murder of Sandra Rivett,6.3,145,90,Crime
Untold: The Murder of Air McNair,5.6,2100,57,Crime
Angry Squad: Civil Servants & Seven Swindlers,7.9,45,120,Crime
Oru Nodi,6.7,504,128,Crime
Uninvited,6.5,77,93,Crime
Beneath the Fold,7.5,26,80,Crime
Reloaded 2,7.7,1100,45,Crime
Swing Bout,8.7,175,90,Crime
Shivam Bhaje,7.8,3000,121,Crime
Killerwood,7.3,30,84,Crime
Kokuhaku Confession,5.6,149,74,Crime
Rakshana,5.4,1100,139,Crime
Taxali Gate,6.6,118,95,Crime
Priyo Maloti,6.7,188,119,Crime
Cafe 404,7.2,36,93,Crime
Risky Business,7.8,92,107,Crime
Marine Drive,9.5,50,105,Crime
Wieczór kawalerski,4.8,436,85,Crime
Kiss of the Con Queen,7.2,28,117,Crime
Best Man Dead Man,7.0,13,83,Crime
Sentimentaaal,5.3,977,135,Crime
The Bitter Sugar,6.8,9,92,Crime
Hovering Blade,6.1,237,107,Crime
What Happens in Miami,4.3,220,90,Crime
Plea,6.9,24,88,Crime
Martingale,5.4,105,103,Crime
Accident or Conspiracy: Godhra,7.4,783,133,Crime
Vivekam,8.2,308,104,Crime
Pathological: The Lies of Joran van der Sloot,6.5,347,93,Crime
Tiger Wolf Rabbit,6.2,506,126,Crime
La mort viendra,6.0,42,101,Crime
Brattt,4.7,67,117,Crime
Second Life,6.7,49,105,Crime
Holiday Hold-Up,5.6,69,89,Crime
Chithini,6.0,551,151,Crime
Kaliyugam Pattanamlo,6.6,2200,150,Crime
Kala Ratri,6.8,15,122,Crime
Rob N Roll,6.1,1500,98,Crime
Bheema,5.8,954,148,Crime
Kingdom Reign,8.4,38,119,Crime
Dark World,4.9,15,135,Crime
The Donor,9.0,9,23,Crime
Vojna policajtov,6.5,339,150,Crime
Raavsaheb,8.4,7,138,Crime
"Bullets, Brothers and Blood",7.8,15,85,Crime
Dark Deceptions,6.2,36,82,Crime
Killcon,9.5,14,31,Crime
Maven,9.4,44,135,Crime
Villain - Life of a Gangster,8.9,156,141,Crime
The Legend of the Vagabond Queen of Lagos,7.8,37,100,Crime
Gold Boy,6.5,134,129,Crime
Thirumbipaar,5.6,239,101,Crime
Protein,6.5,62,100,Crime
Pungut,6.9,12,100,Crime
Hain,2.9,45,95,Crime
Money No Enough 3,6.0,264,138,Crime
Dickweed,7.1,36,90,Crime
CHAAW: Chapter 3 - Christmas Time Is Here,7.9,475,72,Crime
GATAO: Like Father Like Son,6.8,70,100,Crime
Suspicion,3.6,211,115,Crime
Lipstick,6.4,28,145,Crime
Raktaksha,8.0,1400,118,Crime
Nico,8.3,46,109,Crime
Valleyheart,8.8,37,98,Crime
Blood Dried Hands,5.4,36,115,Crime
Whatever It Takes,8.3,14,93,Crime
4N6,9.6,62,117,Crime
Thankamani,4.6,229,156,Crime
Abudeka Is Back,5.3,35,120,Crime
State of Silence,6.5,110,80,Crime
Abnormal: Buas,5.6,26,90,Crime
Niyathi,6.8,172,113,Crime
Housekeeping,6.0,41,98,Crime
Landkrimi: Steirergift,6.3,67,90,Crime
Crime Reel,7.5,141,111,Crime
Tiempo de Pagar,7.4,48,63,Crime
Chitram Choodara,4.6,15,127,Crime
Charlotte Link - Ohne Schuld,5.5,41,89,Crime
A Place Under the Sun,9.2,35,110,Crime
Meitantei Conan Bâsasu Kaitô Kiddo,6.1,162,81,Crime
Pepe,5.0,493,126,Crime
Nasha Jurm Aur Gangsters,6.6,2600,137,Crime
Secret Home,8.3,148,117,Crime
The Victims,5.9,84,99,Crime
Bury Him,7.4,13,88,Crime
Gossip to Die For,5.3,82,94,Crime
Nelma Kodama: The Queen of Dirty Money,5.5,184,94,Crime
Porch Pirates,5.0,104,107,Crime
Who Killed Angel Adams?,6.3,24,76,Crime
Snowstorm,4.5,6,91,Crime
ONENESS,9.3,18,115,Crime
Thozhar Che Guevara,5.1,37,120,Crime
Supplier Shankara,9.3,71,163,Crime
Dream Lock,8.6,21,100,Crime
The Stix,7.2,32,123,Crime
Three Old Boys,4.8,97,108,Crime
The Good Loan Sharks,5.0,75,122,Crime
My Home Hero the Movie,6.1,8,117,Crime
Game Over,5.7,20,74,Crime
Common Sense,2.5,20,68,Crime
Lipstick on the Glass,4.6,12,116,Crime
Anyone Else But Me,7.0,153,95,Crime
The Bodyguard,6.6,30,87,Crime
Kurukku,6.6,532,109,Crime
Lorry Chapter-1,5.7,2400,183,Crime
Aranam,7.5,402,127,Crime
Welcome to the Game,5.9,64,90,Crime
Diari de la meva sextorsió,6.5,53,64,Crime
Historias invisibles,6.4,27,110,Crime
Paarijathaparvam,6.2,2300,133,Crime
Nietzsche's Umbrella,8.7,21,86,Crime
Maloney - Die ersten drei haarsträubenden Fälle,6.7,76,98,Crime
Murder in a Teacup,6.3,148,93,Crime
Uno Sir,6.4,44,106,Crime
Searching for Amani,7.9,31,80,Crime
First Rites,7.0,5,114,Crime
Routa,6.5,31,127,Crime
G - 21 scener från Gottsunda,7.0,184,80,Crime
Jama,6.3,16,71,Crime
Ugravatara,7.9,552,122,Crime
Orah,7.1,20,95,Crime
Kiyma: Orman Kanunlari,4.5,36,81,Crime
Muzhskoe slovo,6.5,462,94,Crime
Muroi Shinji: Yaburezaru Mono,7.7,7,115,Crime
"Milk, Rice, and the Blood",9.0,53,45,Crime
A Valentine's Day,8.4,9,126,Crime
The Dealer,8.3,12,120,Crime
Jaspal,7.3,28,106,Crime
Opportunity,8.9,91,96,Crime
Theppa Samudram,7.4,1600,133,Crime
Tschugger - Der Lätscht Fall,8.1,165,147,Crime
Siragan,7.0,152,130,Crime
Grey Games,8.8,1100,121,Crime
Vergüenza,6.9,23,103,Crime
Myall Creek Day of Justice,6.4,17,78,Crime
Atlanta 10.02,5.3,14,45,Crime
The Housewife and the Hustler 2: The Reckoning,6.5,44,94,Crime
Salvajes,5.6,60,90,Crime
Haunting Trophies,7.7,66,150,Crime
Untouchable,4.5,88,112,Crime
Rancor,7.0,34,83,Crime
Laandhar,4.1,97,117,Crime
Los Justos,6.4,74,79,Crime
Hocus Focus,7.9,19,85,Crime
Jog 101,6.6,497,107,Crime
The Bottom Line,6.5,12,107,Crime
Mukhya Gamanika,8.5,2100,125,Crime
"Fallen Leaves, Broken Lighters",7.7,7,96,Crime
Scapegoat,7.0,22,85,Crime
Common Creed: Trafficking,6.7,8,106,Crime
Malam Pertobatan,6.8,11,81,Crime
Aaro,4.5,13,120,Crime
Gull Lake Vice II: The Delusion Continues,8.2,16,58,Crime
Ingu Mirugangal Vaazhum Idam,6.2,14,108,Crime
Lesní vrah,4.2,78,78,Crime
Abduction Chronicles,8.4,36,126,Crime
Yathabhava,8.3,28,127,Crime
Below the Rim,5.0,16,89,Crime
Break War,2.4,15,86,Crime
Bigul,9.3,46,144,Crime
Agontuk,5.5,23,125,Crime
Walk the Line,5.5,94,115,Crime
Rhino Man,8.8,42,96,Crime
The London Underground Killer,4.7,92,91,Crime
Gally Gang Stars,9.0,2000,157,Crime
Blue Christmas,5.6,21,79,Crime
"Compa, me gusta su vieja",5.7,20,86,Crime
Jalandhara,9.2,545,110,Crime
5D,8.2,578,129,Crime
Blitz,7.2,8,6,Crime
Chacaleria,8.1,419,116,Crime
Vallavan Vaguthadhada,6.5,56,104,Crime
Lolipop Gang,3.6,6,90,Crime
Vengeful,6.1,18,100,Crime
Don't Love,7.8,1500,177,Crime
The Real Story of January 6: Part 2 - The Long Road Home,6.2,29,90,Crime
Little Black Submarines,6.9,57,123,Crime
Insurance Jimmy,6.9,148,110,Crime
The Deal,8.5,26,130,Crime
Passagrana,6.5,129,100,Crime
Shina,7.5,7,98,Crime
Die Bloedhonde,6.3,10,97,Crime
Sangharshana,7.3,1600,102,Crime
Rangeli,9.4,93,140,Crime
Dai jia fa de ren,5.4,59,121,Crime
Novyy god v Beryozovke,7.1,99,94,Crime
Kaçkin,7.6,9,104,Crime
Kunstroof,7.0,43,102,Crime
Pinnil Oral,6.0,113,127,Crime
AK47,7.2,14,146,Crime
Koresha,3.0,63,86,Crime
Guxim,7.7,34,75,Crime
Above the Trees,6.5,14,125,Crime
Leha,2.3,42,98,Crime
What Lies Within,5.3,13,90,Crime
SMB-plush presents trick or death,8.8,16,120,Crime
La Tamalera,8.2,9,115,Crime
Downfall of the Crypto King (theatrical feature),6.2,28,90,Crime
Pink Butterfly,5.7,55,109,Crime
Liebling Kreuzberg 2.0,5.1,50,89,Crime
A Frozen Rage,5.4,47,115,Crime
A Reel Heist,5.2,58,116,Crime
Mun Kaupunki,6.6,22,105,Crime
Beauty Grace Malice,7.6,44,81,Crime
Yurka,4.0,30,85,Crime
Mina and the Radio Bandits,7.3,44,110,Crime
Sharma & Ambani,9.1,183,104,Crime
Yaa Devi Sarva Bhuteshu,8.7,8,119,Crime
Shades of Sapphire,7.8,9,77,Crime
Ata Nirjon Duporiya,8.0,10,103,Crime
Real Estate Sisters,4.8,17,84,Crime
Dead Name,9.0,11,84,Crime
Thirsty for Likes,4.0,38,46,Crime
Spending Some Time Together,6.9,28,146,Crime
No Loose Ends,6.7,9,68,Crime
Who Do You Trust?,3.6,40,96,Crime
Bayamariya Brammai,8.8,25,88,Crime
7vens Law,9.4,20,68,Crime
Conviction,7.0,36,97,Crime
Vrutos,8.4,9,100,Crime
Netru Indha Neram,5.5,136,140,Crime
Water Mafia,9.2,13,45,Crime
Dheera Samrat,9.8,99,123,Crime
Full Clip for a Snitch,3.9,18,75,Crime
Give Me a Ride,5.0,16,102,Crime
El Junior Del Patron,7.4,10,92,Crime
Dawgz Life,8.0,11,143,Crime
Slapes,6.8,31,82,Crime
All Suspects,3.6,19,96,Crime
So It Goes,3.3,19,77,Crime
Namak,4.5,13,75,Crime
Los Hijos De Camelia y Emilio,6.4,28,82,Crime
Nacida Para Vengar,8.0,9,102,Crime
Po du xing dong,6.8,5,79,Crime
The AI Dharma Story,2.5,1100,89,Crime
The Burned Hand,8.0,12,85,Crime
The Kills,8.8,9,70,Crime
Jimmy's Friends,7.0,11,94,Crime
El Cartel De Teresa,8.0,9,96,Crime
El Juego Del Poder,7.8,10,95,Crime
Kenda,8.9,20,135,Crime
Randa Ramphal,8.5,8,70,Crime
Detroit Ransom,6.8,11,76,Crime
Lealtad o Morir,8.2,9,87,Crime
Der Wien-Krimi: Blind ermittelt - Tod im Palais,6.9,30,88,Crime
Las Hermanas Del Cartel,8.2,5,91,Crime
La Nueva Camelia,5.4,17,95,Crime
Duelo De Capos,6.3,28,83,Crime
Runnin' from Wolves,7.2,10,133,Crime
Beautifully Broken People,8.9,9,75,Crime
Cageling,5.9,8,69,Crime
A Complete Unknown,7.4,75000,141,Biography
I'm Still Here,8.3,105000,137,Biography
The Apprentice,7.1,55000,122,Biography
Queer,6.4,21000,137,Biography
Better Man,7.6,27000,135,Biography
Saturday Night,6.9,30000,109,Biography
Queen of the Ring,6.9,941,140,Biography
Maria,6.4,19000,124,Biography
William Tell,5.7,2500,133,Biography
One to One: John & Yoko,7.3,307,100,Biography
Nr. 24,7.5,15000,111,Biography
Bob Marley: One Love,6.2,35000,107,Biography
Back to Black,6.3,27000,122,Biography
Ordinary Angels,7.4,16000,118,Biography
Unfrosted,5.5,35000,97,Biography
Reagan,6.1,11000,141,Biography
Bonhoeffer: Pastor. Spy. Assassin.,6.2,3600,133,Biography
Joy,7.1,9400,115,Biography
Young Woman and the Sea,7.5,17000,129,Biography
Cabrini,7.3,8700,142,Biography
Amaran,8.1,19000,167,Biography
Midas Man,6.4,1600,112,Biography
The Fire Inside,6.7,2600,109,Biography
Piece by Piece,6.9,5400,93,Biography
Scoop,6.5,20000,102,Biography
Rob Peace,6.5,2100,120,Biography
Faith of Angels,5.8,228,98,Biography
Harbin,6.2,651,108,Biography
Goebbels and the Führer,6.7,2200,135,Biography
The Remarkable Life of Ibelin,8.2,12000,103,Biography
Monsieur Aznavour,7.3,2400,133,Biography
Winner,6.5,2500,103,Biography
Being Maria,6.1,609,100,Biography
Audrey's Children,7.0,376,110,Biography
Inexplicável,7.3,134,116,Biography
Super/Man: The Christopher Reeve Story,8.0,9100,104,Biography
Maharaj,6.5,15000,131,Biography
Oxana,6.5,45,103,Biography
Stelios,7.3,1400,132,Biography
Fanon,7.1,93,132,Biography
Niki,6.0,366,98,Biography
Limonov: The Ballad of Eddie,6.0,797,138,Biography
Race for Glory: Audi vs. Lancia,5.8,4700,109,Biography
"From Hilde, with Love",7.0,923,125,Biography
Saint-Exupéry,5.4,326,98,Biography
El 47,7.2,3400,110,Biography
Chhava,8.4,2200,51,Biography
Riefenstahl,7.2,508,115,Biography
Boléro,6.6,786,120,Biography
Srikanth,7.4,14000,134,Biography
Avicii - I'm Tim,7.7,7000,95,Biography
Freedom,5.9,1400,110,Biography
Shirley,6.2,3300,117,Biography
"Sarah Bernhardt, la divine",6.0,208,98,Biography
Prodigieuses,6.6,167,101,Biography
Blue Road: The Edna O'Brien Story,8.2,64,99,Biography
Quisling: The Final Days,7.1,1100,146,Biography
Chandu Champion,7.8,34000,142,Biography
Drazen,6.6,1300,100,Biography
Pavements,7.1,166,128,Biography
Music by John Williams,8.2,4800,105,Biography
The Firing Squad,5.1,5000,93,Biography
Liza: A Truly Terrific Absolutely True Story,7.8,240,104,Biography
Bogart: Life Comes in Flashes,6.8,424,99,Biography
Maidaan,7.9,23000,181,Biography
Biggest Heist Ever,6.1,1500,85,Biography
Jim Henson: Idea Man,7.7,3900,111,Biography
The Bibi Files,7.5,1100,115,Biography
Ravens,8.0,80,117,Biography
I Am Nevenka,7.1,1100,112,Biography
The Ballad of Davy Crockett,4.6,248,96,Biography
Atatürk II: 1881-1919,8.9,2100,141,Biography
Janis Ian: Breaking Silence,8.1,58,114,Biography
Luther: Never Too Much,8.1,845,101,Biography
Amar Singh Chamkila,7.8,16000,145,Biography
Ol' Dirty Bastard: A Tale of Two Dirtys,6.7,203,86,Biography
Elton John: Never Too Late,6.5,1900,102,Biography
Swatantrya Veer Savarkar,7.7,18000,176,Biography
Havnaa,7.2,245,110,Biography
"Disco, Ibiza, Locomia",6.0,1500,104,Biography
Miyazaki: L'Esprit de la Nature,7.1,216,84,Biography
Miséria,5.3,101,99,Biography
The Great Ambition,7.2,713,123,Biography
The Beach Boys,7.1,2100,113,Biography
I Am: Celine Dion,7.7,7800,103,Biography
Road Diary: Bruce Springsteen and the E Street Band,7.7,995,99,Biography
Becoming Madonna,6.9,222,91,Biography
Federer: Twelve Final Days,7.3,4100,88,Biography
The Shamrock Spitfire,5.2,481,108,Biography
Beautiful Rebel,6.3,1000,112,Biography
John Cranko,7.1,188,133,Biography
La Grande,9.0,39,95,Biography
Papa,7.5,326,131,Biography
Faye,7.1,3100,91,Biography
The World According to Allee Willis,7.7,72,97,Biography
Never Look Away,7.2,265,85,Biography
Münter & Kandinsky,6.5,96,126,Biography
Oscar Wilde About America,4.4,28,98,Biography
Gundi: Legend of Love,9.0,5500,166,Biography
Taghiev: Oil,9.2,71,120,Biography
La casa,6.9,939,83,Biography
House of Ga'a,3.9,489,119,Biography
The Truth vs. Alex Jones,7.5,3000,121,Biography
Nahir,4.7,1100,122,Biography
Ae Watan Mere Watan,4.7,1400,133,Biography
Lula,5.6,186,90,Biography
Hola Frida,7.1,30,82,Biography
Vindication Swim,6.0,210,98,Biography
Main Atal Hoon,6.9,6300,139,Biography
Jenni,6.8,44,113,Biography
Cookster: The Darkest Days,8.2,40,119,Biography
Sabbath Queen,8.0,65,105,Biography
Samia,6.8,137,102,Biography
The Sidemen Story,6.7,1700,99,Biography
Becoming Hitchcock: The Legacy of Blackmail,7.2,263,72,Biography
ZEF: The Story of Die Antwoord,7.3,800,90,Biography
Silvio,3.0,514,114,Biography
Blood'less' Revolution,6.6,265,103,Biography
Diddy: Summit to Plummet,2.3,202,60,Biography
National Theatre Live: Nye,8.0,268,160,Biography
Marcella,8.9,18,97,Biography
Hayatla Baris,6.3,372,125,Biography
From Roger Moore with Love,7.4,334,79,Biography
The Life and Deaths of Christopher Lee,7.2,446,99,Biography
Mit einem Tiger schlafen,6.8,153,107,Biography
The Man Who Loved UFOs,5.2,598,107,Biography
Nedelja,7.2,1900,130,Biography
Giroud,6.1,17,80,Biography
Klitschko: More Than a Fight,6.3,506,96,Biography
Concepción,8.8,25,140,Biography
Stevie Van Zandt: Disciple,7.9,664,147,Biography
"Iki Gözüm Ahmet, Sürgün",3.7,139,113,Biography
Estimados Señores,7.7,61,98,Biography
Der Soldat Monika,7.1,23,109,Biography
Laura,6.5,237,104,Biography
Don't Ever Stop,9.5,26,85,Biography
Bir Cumhuriyet Sarkisi,7.7,386,128,Biography
Gary,6.6,534,91,Biography
Ennio Doris - C'è anche domani,5.3,100,90,Biography
Raghuveer,8.9,68,125,Biography
Daytime Revolution,6.8,92,108,Biography
Saint Nick of Bethlehem,9.2,101,93,Biography
Patrice: The Movie,8.3,228,102,Biography
Nasty,7.8,1100,103,Biography
Tears of Cem Karaca,7.2,2000,123,Biography
Funmilayo Ransome-Kuti,8.5,94,91,Biography
Hyper: The Stevie Hyper D Story,8.8,30,91,Biography
Sharon Stone: Survival Instinct,6.9,65,52,Biography
Dharmaveer 2,5.4,10000,130,Biography
Memoir Seorang Guru,7.1,125,120,Biography
"Carville: Winning Is Everything, Stupid",7.2,269,98,Biography
Padatik,7.9,106,126,Biography
Kulej. Dwie strony medalu,6.4,315,148,Biography
Michael Jackson: Ungloved,6.5,23,60,Biography
God Be with Us,6.3,15,90,Biography
Spyral,8.6,19,83,Biography
Sadik Ahmet,7.7,413,125,Biography
Levoton Tuhkimo,6.5,414,88,Biography
Il était une fois Michel Legrand,8.0,39,109,Biography
Madu,5.3,266,100,Biography
Sube a mi Nube,6.0,27,110,Biography
Simona Kossak,6.1,321,100,Biography
Vivekam,8.2,308,104,Biography
Harimau Malaya: The Untold Journey,8.2,22,125,Biography
Yatra 2,6.3,9700,132,Biography
Rock Bottom,6.9,43,86,Biography
A nuestros amigos,7.8,12,90,Biography
Komandir,6.4,522,131,Biography
Pastor's Kid,6.7,40,90,Biography
Wingless,7.8,94,110,Biography
Karina,7.1,17,91,Biography
Diane von Furstenberg: Woman in Charge,7.2,311,97,Biography
Chabuca,6.7,250,113,Biography
Gold,7.8,67,126,Biography
Faruk,6.6,412,97,Biography
Son Sarki: Ahmet'in Türküsü,1.6,110,101,Biography
Suzzanna: The Queen of Black Magic,6.6,43,88,Biography
Go Against the Flow,5.4,152,97,Biography
Shahid,6.5,84,84,Biography
Obraz,7.6,17,95,Biography
Satyashodhak,8.4,360,145,Biography
"François Truffaut, le scénario de ma vie",6.7,38,98,Biography
The Movie Man,7.7,173,89,Biography
Glenn Fredly: The Movie,6.8,124,121,Biography
Bach - Ein Weihnachtswunder,6.2,168,89,Biography
Padu,5.1,80,97,Biography
Born to Be Wild: The Story of Steppenwolf,7.2,39,100,Biography
Hope of Escape,7.7,41,91,Biography
Pod szarym niebem,7.2,43,81,Biography
Zuckerberg: King of the Metaverse,5.7,260,90,Biography
Beethoven's Nine: Ode to Humanity,6.9,22,85,Biography
Cartas Telepáticas,5.2,37,70,Biography
The Legend of Sudarshan Chakra,9.1,22,160,Biography
Un hombre libre,7.9,8,88,Biography
Charmian Clift: Life Burns High,7.9,15,80,Biography
Who Killed Lawrence of Arabia?,6.5,32,100,Biography
Knockout Blonde: The Kellie Maloney Story,5.9,21,90,Biography
Ruki vverkh!,5.5,255,102,Biography
Parviz Khan,6.0,207,110,Biography
Soares é Fixe,4.8,77,83,Biography
Powstaniec 1863,5.4,139,115,Biography
The Ballad of Suzanne Césaire,5.9,34,75,Biography
Ray of Hope,7.0,10,105,Biography
Joachim and the Apocalypse,7.2,13,90,Biography
Riv i hjertet,7.9,30,107,Biography
Fedya. Narodnyy futbolist,6.0,123,125,Biography
A Dangerous Boy,6.9,93,90,Biography
Manyam Dheerudu,5.3,3500,114,Biography
Niepewnosc,3.6,54,113,Biography
Ett hjärta är alltid rött,7.1,395,103,Biography
Iyunskaya polyn,10,5,79,Biography
Chhatrapati Sambhaji,5.6,233,186,Biography
Maurice And I,8.9,26,98,Biography
Bröderna Andersson,7.2,92,84,Biography
Harta Tahta Raisa,4.0,71,110,Biography
Me Dicen El Panzer,6.6,7,90,Biography
Main Mulayam Singh Yadav,3.8,198,120,Biography
La Joia: Bad Gyal,5.8,82,92,Biography
Nonkonform,7.9,15,117,Biography
La valanga azzurra,7.6,10,90,Biography
Looking for Simone,7.3,15,93,Biography
"Jacques Demy, le rose et le noir",7.1,13,88,Biography
Rhythm of a Flower,7.3,15,81,Biography
"Marisol, llámame Pepa",6.8,115,87,Biography
Lafran,8.2,15,99,Biography
Lulu in Turin,8.5,6,76,Biography
Ago,8.0,6,80,Biography
Janet Jackson: In Control,5.5,8,60,Biography
"Sean Penn, L'enfant terrible de l'Amérique",7.3,26,52,Biography
Yaremchuk: Nezrivniannyi svit krasy,8.6,462,92,Biography
Maria,4.2,22,60,Biography
COMA,9.5,9,80,Biography
"Mary, Marianna, Maria: Ta agnosta ellinika hronia tis Kallas",7.6,14,103,Biography
The Truth: The Journey Within,7.2,8,91,Biography
Nollbudget,8.3,11,72,Biography
"Dolly Parton: Bigger Hair, Bigger Heart",7.0,11,60,Biography
Shaking It Up: The Life and Times of Liz Carpenter,8.0,9,77,Biography
All Access to Rossa 25 Shining Years,8.7,65,91,Biography
Il ricercatore,5.8,7,71,Biography
"Kati: Eine Kür, die bleibt",6.1,85,99,Biography
It'll Never Work,9.6,30,57,Biography
9 sekund,4.6,62,91,Biography
Paul Anka: His Way,7.3,11,100,Biography
Davaj Paradiso,9.1,27,63,Biography
"Steven Spielberg, l'homme et l'enfant",6.4,14,56,Biography
No More Trouble - Cosa rimane di una tempesta,8.5,19,97,Biography
Not Taken: Origins,9.8,6,69,Biography
Insula Fondane (Fondane Island),8.8,12,82,Biography
Waldo,6.6,7,104,Biography
O familie aproape perfecta,5.4,8,88,Biography
The Ballad of John and Yoko,8.4,16,101,Biography
Barnen från Camp Ashraf,5.4,19,88,Biography
Tapes of Revolution,9.5,6,75,Biography
Graciano Rocchigiani - Das Herz eines Boxers,9.2,51,123,Biography
Nebesko,5.2,10,73,Biography
Im Schatten der Träume,8.2,10,90,Biography
Reba McEntire: Country Gold,7.5,10,60,Biography
Beethoven's Nine,7.6,11,90,Biography
Golpe a Golpe (Blow by Blow),8.1,23,90,Biography
Giannis Spanos: Piso ap' ti markiza,7.8,17,118,Biography
Brev til Håkon Banken,8.1,28,80,Biography
Palace Guardians,9.4,8,64,Biography
Beyaz Zenciler: Yapim Asamasi,8.6,5,55,Biography
Carles Sabater. No espereu res de mi,8.1,19,75,Biography
Veljko od mora,7.2,16,53,Biography
"Georges Pompidou, la cruauté du pouvoir",6.2,6,104,Biography
Toquinho: Encontros e um Violão,8.6,5,90,Biography
¡Qué suerte hemos tenido!,7.5,16,62,Biography
Gevart,7.3,70,34,Biography
"Lupicinio Rodrigues, Confissões de um Sofredor",7.0,5,99,Biography
87 Candles,8.9,9,55,Biography
